{
  "id": "harvester",
  "title": "Better Harvesting & Looting",
  "description": "A QoL module to improve the harvesting and looting experience.",
  "version": "1.7.3",
  "url": "https://github.com/OhhLoz/Harvester",
  "authors": [
    {
      "name": "Loz",
      "url": "https://github.com/OhhLoz"
    }
  ],
  "compatibility": {
    "minimum": "11",
    "verified": "11.315"
  },
  "scripts": [],
  "esmodules": ["module.js"],
  "socket": true,
  "persistentStorage": true,
  "packs": [
    {
      "name": "harvest",
      "label": "Harvest",
      "path": "packs/harvest",
      "type": "Item",
      "ownership": {
        "PLAYER": "OBSERVER",
        "ASSISTANT": "OWNER"
      },
      "module": "harvester",
      "system": "dnd5e",
      "flags": {}
    },
    {
      "name": "actions",
      "label": "Actions",
      "path": "packs/actions",
      "type": "Item",
      "ownership": {
        "PLAYER": "OBSERVER",
        "ASSISTANT": "OWNER"
      },
      "module": "harvester",
      "system": "dnd5e",
      "flags": {}
    },
    {
      "name": "loot",
      "label": "Loot",
      "path": "packs/loot",
      "type": "RollTable",
      "ownership": {
        "PLAYER": "OBSERVER",
        "ASSISTANT": "OWNER"
      },
      "module": "harvester",
      "system": "dnd5e",
      "flags": {}
    },
    {
      "name": "custom",
      "label": "Custom",
      "path": "storage/custom",
      "type": "Actor",
      "ownership": {
        "PLAYER": "OBSERVER",
        "ASSISTANT": "OWNER"
      },
      "module": "harvester",
      "system": "dnd5e",
      "flags": {}
    },
    {
      "name": "custom-loot",
      "label": "Custom Loot",
      "path": "storage/custom-loot",
      "type": "RollTable",
      "ownership": {
        "PLAYER": "OBSERVER",
        "ASSISTANT": "OWNER"
      },
      "module": "harvester",
      "system": "dnd5e",
      "flags": {}
    },
    {
      "name": "license",
      "label": "License",
      "path": "packs/license",
      "type": "JournalEntry",
      "ownership": {
        "PLAYER": "OBSERVER",
        "ASSISTANT": "OWNER"
      },
      "module": "harvester",
      "system": "dnd5e",
      "flags": {}
    }
  ],
  "packFolders": [
    {
      "name": "Better Harvesting and Looting",
      "color": "#ffb38a",
      "sorting": "a",
      "packs": ["harvest", "actions", "loot", "custom", "custom-loot", "license"]
    }
  ],
  "relationships": {
    "systems": [
      {
        "id": "dnd5e",
        "type": "system",
        "compatibility": {
          "minimum": "2.4.1"
        }
      }
    ],
    "requires": [
      {
        "id": "socketlib",
        "type": "module"
      },
      {
        "id": "requestor",
        "type": "module"
      }
    ]
  },
  "id": "harvester",
  "manifest": "https://github.com/OhhLoz/Harvester/releases/download/v1.7.3/module.json",
  "download": "https://github.com/OhhLoz/Harvester/releases/download/v1.7.3/harvester.zip"
}
